supplier_name,planned_delivery,actual_delivery,ordered_qty,received_qty,product_id
Текстиль-Групп,2026-05-02,2026-05-02,189,189,PROD_147
ОбувьОпт,2026-01-20,2026-01-21,187,187,PROD_123
ОбувьОпт,2026-02-17,2026-02-17,103,92,PROD_136
Мир Кожи,2026-01-08,2026-01-10,170,170,PROD_110
Китай-Трейд,2026-04-01,2026-04-08,104,104,PROD_125
Китай-Трейд,2026-02-04,2026-02-07,58,58,PROD_136
ОбувьОпт,2026-02-03,2026-02-04,125,112,PROD_108
Китай-Трейд,2026-02-08,2026-02-15,98,98,PROD_118
Китай-Трейд,2026-05-27,2026-06-07,165,165,PROD_124
ОбувьОпт,2026-01-11,2026-01-13,192,192,PROD_107
Мир Кожи,2026-02-19,2026-02-21,179,179,PROD_149
Текстиль-Групп,2026-05-22,2026-05-22,57,57,PROD_128
Текстиль-Групп,2026-03-17,2026-03-19,137,137,PROD_105
Текстиль-Групп,2026-04-24,2026-04-24,145,145,PROD_124
Мир Кожи,2026-01-04,2026-01-06,190,190,PROD_122
ОбувьОпт,2026-03-21,2026-03-21,166,166,PROD_119
Мир Кожи,2026-02-04,2026-02-06,184,184,PROD_142
ОбувьОпт,2026-02-15,2026-02-15,88,79,PROD_111
Китай-Трейд,2026-05-21,2026-05-31,100,100,PROD_136
Китай-Трейд,2026-04-05,2026-04-11,58,58,PROD_147
ОбувьОпт,2026-03-13,2026-03-13,121,121,PROD_131
Текстиль-Групп,2026-03-24,2026-03-24,61,61,PROD_107
ОбувьОпт,2026-04-18,2026-04-20,106,106,PROD_138
Китай-Трейд,2026-01-03,2026-01-12,94,94,PROD_109
Текстиль-Групп,2026-05-02,2026-05-02,79,79,PROD_148
Китай-Трейд,2026-03-20,2026-03-30,130,130,PROD_130
Текстиль-Групп,2026-03-10,2026-03-11,66,66,PROD_140
Мир Кожи,2026-02-18,2026-02-19,117,117,PROD_147
Текстиль-Групп,2026-05-26,2026-05-28,186,186,PROD_105
Китай-Трейд,2026-03-20,2026-03-28,197,197,PROD_120
ОбувьОпт,2026-03-09,2026-03-10,178,178,PROD_136
ОбувьОпт,2026-05-21,2026-05-21,71,71,PROD_142
ОбувьОпт,2026-03-27,2026-03-28,165,165,PROD_136
Текстиль-Групп,2026-01-24,2026-01-26,88,88,PROD_102
ОбувьОпт,2026-02-16,2026-02-16,51,45,PROD_118
Китай-Трейд,2026-03-13,2026-03-16,108,108,PROD_102
Текстиль-Групп,2026-04-30,2026-04-30,64,64,PROD_148
ОбувьОпт,2026-01-07,2026-01-07,80,80,PROD_132
Мир Кожи,2026-02-03,2026-02-03,175,175,PROD_146
Текстиль-Групп,2026-01-19,2026-01-19,73,73,PROD_113
Текстиль-Групп,2026-01-06,2026-01-06,104,104,PROD_117
ОбувьОпт,2026-04-02,2026-04-03,137,137,PROD_100
Китай-Трейд,2026-03-23,2026-04-01,152,152,PROD_115
Мир Кожи,2026-03-31,2026-04-02,81,81,PROD_135
ОбувьОпт,2026-01-06,2026-01-06,172,154,PROD_123
Китай-Трейд,2026-04-17,2026-04-25,99,99,PROD_127
ОбувьОпт,2026-05-07,2026-05-08,168,151,PROD_128
Китай-Трейд,2026-05-24,2026-05-30,102,102,PROD_147
ОбувьОпт,2026-01-29,2026-01-29,189,189,PROD_120
Текстиль-Групп,2026-02-28,2026-03-01,193,193,PROD_144
ОбувьОпт,2026-02-21,2026-02-21,182,182,PROD_140
ОбувьОпт,2026-03-04,2026-03-04,118,118,PROD_122
Мир Кожи,2026-01-14,2026-01-14,87,87,PROD_112
Мир Кожи,2026-04-03,2026-04-03,64,64,PROD_113
Текстиль-Групп,2026-03-08,2026-03-08,75,75,PROD_116
Текстиль-Групп,2026-03-29,2026-03-29,52,52,PROD_146
Китай-Трейд,2026-01-25,2026-02-04,117,117,PROD_135
ОбувьОпт,2026-04-15,2026-04-17,75,75,PROD_107
Текстиль-Групп,2026-02-24,2026-02-26,98,98,PROD_119
ОбувьОпт,2026-01-02,2026-01-04,125,112,PROD_114
Текстиль-Групп,2026-04-14,2026-04-16,148,148,PROD_113
ОбувьОпт,2026-05-11,2026-05-11,139,139,PROD_124
Мир Кожи,2026-04-01,2026-04-01,84,84,PROD_133
Китай-Трейд,2026-05-03,2026-05-12,94,94,PROD_143
Мир Кожи,2026-05-16,2026-05-16,90,90,PROD_116
Китай-Трейд,2026-03-31,2026-04-03,197,197,PROD_137
Китай-Трейд,2026-03-24,2026-03-28,163,163,PROD_112
Текстиль-Групп,2026-04-07,2026-04-07,96,96,PROD_135
Текстиль-Групп,2026-05-27,2026-05-27,152,152,PROD_135
ОбувьОпт,2026-02-22,2026-02-22,114,114,PROD_136
ОбувьОпт,2026-02-26,2026-02-27,176,176,PROD_102
Мир Кожи,2026-05-09,2026-05-09,67,67,PROD_134
Китай-Трейд,2026-03-25,2026-04-02,136,136,PROD_136
Китай-Трейд,2026-03-19,2026-03-23,133,133,PROD_119
Китай-Трейд,2026-03-13,2026-03-22,188,188,PROD_122
Мир Кожи,2026-03-28,2026-03-28,83,83,PROD_144
Мир Кожи,2026-05-05,2026-05-06,62,62,PROD_133
Мир Кожи,2026-01-04,2026-01-04,83,83,PROD_139
Текстиль-Групп,2026-02-10,2026-02-10,190,190,PROD_145
ОбувьОпт,2026-01-26,2026-01-28,121,121,PROD_141
Мир Кожи,2026-01-21,2026-01-23,113,113,PROD_109
Текстиль-Групп,2026-05-18,2026-05-20,125,125,PROD_136
ОбувьОпт,2026-02-16,2026-02-17,129,129,PROD_124
Текстиль-Групп,2026-01-08,2026-01-08,78,78,PROD_109
Китай-Трейд,2026-02-20,2026-03-01,116,116,PROD_141
Китай-Трейд,2026-03-19,2026-03-22,173,173,PROD_149
Текстиль-Групп,2026-03-23,2026-03-24,134,134,PROD_132
ОбувьОпт,2026-03-21,2026-03-22,180,162,PROD_103
Текстиль-Групп,2026-05-02,2026-05-03,162,162,PROD_144
Мир Кожи,2026-04-08,2026-04-10,177,177,PROD_112
Текстиль-Групп,2026-04-04,2026-04-05,99,99,PROD_128
Мир Кожи,2026-05-21,2026-05-21,54,54,PROD_132
Текстиль-Групп,2026-02-08,2026-02-08,134,134,PROD_128
Текстиль-Групп,2026-03-12,2026-03-12,82,82,PROD_137
Мир Кожи,2026-05-03,2026-05-03,155,155,PROD_130
Текстиль-Групп,2026-02-07,2026-02-07,81,81,PROD_118
ОбувьОпт,2026-03-12,2026-03-12,130,117,PROD_114
Текстиль-Групп,2026-03-18,2026-03-20,89,89,PROD_107
ОбувьОпт,2026-04-27,2026-04-28,194,194,PROD_110
Китай-Трейд,2026-05-14,2026-05-21,100,100,PROD_135
Мир Кожи,2026-04-26,2026-04-26,145,145,PROD_138
Мир Кожи,2026-05-02,2026-05-02,180,180,PROD_126
Текстиль-Групп,2026-01-08,2026-01-08,171,171,PROD_117
ОбувьОпт,2026-05-24,2026-05-24,187,187,PROD_113
Текстиль-Групп,2026-04-25,2026-04-26,56,56,PROD_142
Текстиль-Групп,2026-03-02,2026-03-04,100,100,PROD_114
Китай-Трейд,2026-02-18,2026-02-21,61,61,PROD_128
ОбувьОпт,2026-03-08,2026-03-08,159,143,PROD_120
Текстиль-Групп,2026-01-20,2026-01-20,182,182,PROD_122
Мир Кожи,2026-03-26,2026-03-27,174,174,PROD_136
Мир Кожи,2026-01-20,2026-01-20,62,62,PROD_124
Текстиль-Групп,2026-01-25,2026-01-25,183,183,PROD_101
ОбувьОпт,2026-05-23,2026-05-25,107,107,PROD_149
Китай-Трейд,2026-02-08,2026-02-18,77,77,PROD_144
Текстиль-Групп,2026-01-21,2026-01-21,80,80,PROD_136
Китай-Трейд,2026-02-11,2026-02-19,170,170,PROD_121
Китай-Трейд,2026-05-24,2026-05-31,57,57,PROD_133
ОбувьОпт,2026-04-15,2026-04-15,74,66,PROD_149
Китай-Трейд,2026-01-23,2026-02-01,162,162,PROD_107
ОбувьОпт,2026-02-18,2026-02-18,179,179,PROD_144
Мир Кожи,2026-02-02,2026-02-03,115,115,PROD_143
ОбувьОпт,2026-01-28,2026-01-28,106,95,PROD_147
Китай-Трейд,2026-05-29,2026-06-05,143,143,PROD_124
ОбувьОпт,2026-03-26,2026-03-26,160,144,PROD_103
Китай-Трейд,2026-02-01,2026-02-04,192,192,PROD_138
ОбувьОпт,2026-02-28,2026-02-28,55,49,PROD_143
Мир Кожи,2026-01-14,2026-01-16,150,150,PROD_139
Китай-Трейд,2026-05-16,2026-05-23,86,86,PROD_124
ОбувьОпт,2026-02-07,2026-02-07,109,109,PROD_116
Мир Кожи,2026-04-19,2026-04-19,122,122,PROD_116
Китай-Трейд,2026-03-24,2026-04-01,148,148,PROD_111
Мир Кожи,2026-03-29,2026-03-29,159,159,PROD_148
Мир Кожи,2026-02-13,2026-02-13,72,72,PROD_114
Мир Кожи,2026-02-06,2026-02-08,78,78,PROD_128
Мир Кожи,2026-04-27,2026-04-27,198,198,PROD_128
Мир Кожи,2026-05-20,2026-05-22,147,147,PROD_146
Текстиль-Групп,2026-03-02,2026-03-02,130,130,PROD_135
Текстиль-Групп,2026-02-06,2026-02-07,99,99,PROD_131
Мир Кожи,2026-03-21,2026-03-21,82,82,PROD_141
Текстиль-Групп,2026-04-24,2026-04-25,169,169,PROD_139
Китай-Трейд,2026-04-26,2026-04-29,88,88,PROD_105
Китай-Трейд,2026-05-05,2026-05-15,165,165,PROD_118
Китай-Трейд,2026-04-14,2026-04-19,126,126,PROD_136
Мир Кожи,2026-02-27,2026-03-01,86,86,PROD_133
ОбувьОпт,2026-03-14,2026-03-16,134,120,PROD_132
ОбувьОпт,2026-02-08,2026-02-08,124,124,PROD_113
ОбувьОпт,2026-04-23,2026-04-25,102,91,PROD_105
Мир Кожи,2026-02-20,2026-02-20,160,160,PROD_130
Мир Кожи,2026-02-23,2026-02-25,92,92,PROD_133
ОбувьОпт,2026-04-08,2026-04-10,135,135,PROD_130
ОбувьОпт,2026-05-13,2026-05-13,163,163,PROD_140
Китай-Трейд,2026-01-21,2026-01-25,127,127,PROD_121
Текстиль-Групп,2026-03-10,2026-03-10,110,110,PROD_126
ОбувьОпт,2026-01-09,2026-01-10,52,52,PROD_119
ОбувьОпт,2026-04-21,2026-04-23,148,133,PROD_106
Китай-Трейд,2026-02-12,2026-02-18,126,126,PROD_107
ОбувьОпт,2026-01-06,2026-01-06,70,70,PROD_117
Китай-Трейд,2026-01-28,2026-02-03,105,105,PROD_125
Текстиль-Групп,2026-02-05,2026-02-05,188,188,PROD_136
Китай-Трейд,2026-04-04,2026-04-11,100,100,PROD_105
ОбувьОпт,2026-05-16,2026-05-16,173,155,PROD_113
ОбувьОпт,2026-04-26,2026-04-26,64,64,PROD_107
Мир Кожи,2026-02-09,2026-02-11,172,172,PROD_141
Китай-Трейд,2026-01-24,2026-01-28,128,128,PROD_104
Текстиль-Групп,2026-03-12,2026-03-13,73,73,PROD_147
Текстиль-Групп,2026-03-05,2026-03-07,74,74,PROD_117
ОбувьОпт,2026-04-08,2026-04-08,54,54,PROD_131
Текстиль-Групп,2026-03-28,2026-03-28,61,61,PROD_131
Мир Кожи,2026-03-26,2026-03-27,107,107,PROD_127
Текстиль-Групп,2026-04-10,2026-04-10,100,100,PROD_111
Китай-Трейд,2026-03-09,2026-03-14,179,179,PROD_126
Текстиль-Групп,2026-02-08,2026-02-09,139,139,PROD_104
Мир Кожи,2026-05-29,2026-05-30,107,107,PROD_125
Текстиль-Групп,2026-03-25,2026-03-27,73,73,PROD_120
Китай-Трейд,2026-03-30,2026-04-10,184,184,PROD_110
Китай-Трейд,2026-04-21,2026-04-27,141,141,PROD_108
ОбувьОпт,2026-03-05,2026-03-06,130,130,PROD_138
Текстиль-Групп,2026-03-01,2026-03-01,157,157,PROD_128
Мир Кожи,2026-04-10,2026-04-12,74,74,PROD_110
Текстиль-Групп,2026-03-30,2026-03-31,95,95,PROD_111
Мир Кожи,2026-04-16,2026-04-16,125,125,PROD_103
Китай-Трейд,2026-04-21,2026-04-25,121,121,PROD_134
ОбувьОпт,2026-02-11,2026-02-13,146,146,PROD_134
Китай-Трейд,2026-01-24,2026-01-30,59,59,PROD_117
ОбувьОпт,2026-03-30,2026-03-31,167,150,PROD_106
Китай-Трейд,2026-01-10,2026-01-13,157,157,PROD_119
Текстиль-Групп,2026-03-07,2026-03-07,195,195,PROD_101
Китай-Трейд,2026-03-20,2026-03-24,130,130,PROD_123
Текстиль-Групп,2026-01-26,2026-01-26,94,94,PROD_119
ОбувьОпт,2026-01-06,2026-01-06,172,154,PROD_107
ОбувьОпт,2026-03-18,2026-03-18,71,71,PROD_106
Мир Кожи,2026-05-04,2026-05-04,178,178,PROD_120
Текстиль-Групп,2026-03-22,2026-03-22,107,107,PROD_127
ОбувьОпт,2026-01-12,2026-01-13,172,172,PROD_113
Текстиль-Групп,2026-01-16,2026-01-16,146,146,PROD_136
Мир Кожи,2026-05-07,2026-05-08,82,82,PROD_139
Китай-Трейд,2026-04-01,2026-04-07,109,109,PROD_131
Мир Кожи,2026-03-23,2026-03-24,91,91,PROD_118
Китай-Трейд,2026-03-01,2026-03-10,191,191,PROD_147
Китай-Трейд,2026-03-13,2026-03-20,148,148,PROD_139
Китай-Трейд,2026-02-16,2026-02-22,185,185,PROD_140
Китай-Трейд,2026-05-18,2026-05-22,60,60,PROD_114
Китай-Трейд,2026-03-09,2026-03-20,56,56,PROD_146
Китай-Трейд,2026-05-04,2026-05-11,77,77,PROD_108
Текстиль-Групп,2026-03-19,2026-03-21,50,50,PROD_128
Китай-Трейд,2026-04-04,2026-04-11,75,75,PROD_121
Мир Кожи,2026-01-17,2026-01-17,174,174,PROD_123
ОбувьОпт,2026-01-16,2026-01-16,150,135,PROD_146
Мир Кожи,2026-01-19,2026-01-21,78,78,PROD_141
Текстиль-Групп,2026-05-05,2026-05-06,96,96,PROD_130
Текстиль-Групп,2026-05-27,2026-05-27,99,99,PROD_106
Мир Кожи,2026-04-23,2026-04-23,64,64,PROD_128
Мир Кожи,2026-03-10,2026-03-11,126,126,PROD_119
Китай-Трейд,2026-02-09,2026-02-12,146,146,PROD_141
Текстиль-Групп,2026-01-08,2026-01-10,65,65,PROD_144
Китай-Трейд,2026-05-30,2026-06-08,181,181,PROD_123
ОбувьОпт,2026-02-07,2026-02-08,188,188,PROD_119
Китай-Трейд,2026-03-28,2026-04-04,149,149,PROD_132
Мир Кожи,2026-05-26,2026-05-28,140,140,PROD_121
ОбувьОпт,2026-04-12,2026-04-12,130,130,PROD_147
Мир Кожи,2026-01-05,2026-01-05,175,175,PROD_143
Китай-Трейд,2026-02-26,2026-03-06,74,74,PROD_148
Китай-Трейд,2026-05-15,2026-05-23,155,155,PROD_145
ОбувьОпт,2026-03-06,2026-03-06,92,92,PROD_104
Текстиль-Групп,2026-05-16,2026-05-18,91,91,PROD_117
Китай-Трейд,2026-05-14,2026-05-18,122,122,PROD_109
Текстиль-Групп,2026-04-19,2026-04-19,70,70,PROD_140
ОбувьОпт,2026-03-04,2026-03-04,90,90,PROD_129
Текстиль-Групп,2026-03-07,2026-03-07,149,149,PROD_107
ОбувьОпт,2026-02-16,2026-02-16,82,82,PROD_102
Текстиль-Групп,2026-02-06,2026-02-08,183,183,PROD_141
Текстиль-Групп,2026-01-28,2026-01-28,94,94,PROD_119
Мир Кожи,2026-04-14,2026-04-14,159,159,PROD_145
Китай-Трейд,2026-05-26,2026-05-30,169,169,PROD_144
Китай-Трейд,2026-04-01,2026-04-04,76,76,PROD_132
ОбувьОпт,2026-01-27,2026-01-27,90,90,PROD_149
Текстиль-Групп,2026-03-29,2026-03-29,142,142,PROD_142
ОбувьОпт,2026-05-20,2026-05-21,102,91,PROD_147
Мир Кожи,2026-04-22,2026-04-22,90,90,PROD_121
ОбувьОпт,2026-02-08,2026-02-08,79,79,PROD_124
Китай-Трейд,2026-01-31,2026-02-06,57,57,PROD_118
Текстиль-Групп,2026-04-18,2026-04-19,128,128,PROD_116
Текстиль-Групп,2026-02-15,2026-02-16,77,77,PROD_103
Текстиль-Групп,2026-02-07,2026-02-08,161,161,PROD_111
Текстиль-Групп,2026-02-15,2026-02-16,131,131,PROD_124
Китай-Трейд,2026-04-05,2026-04-09,81,81,PROD_145
Мир Кожи,2026-05-02,2026-05-02,56,56,PROD_140
Текстиль-Групп,2026-01-03,2026-01-05,151,151,PROD_127
Мир Кожи,2026-04-08,2026-04-10,162,162,PROD_139
Мир Кожи,2026-02-28,2026-03-01,179,179,PROD_135
ОбувьОпт,2026-05-28,2026-05-28,103,92,PROD_125
ОбувьОпт,2026-05-07,2026-05-09,117,117,PROD_136
Мир Кожи,2026-01-19,2026-01-19,171,171,PROD_106
Мир Кожи,2026-04-20,2026-04-20,159,159,PROD_110
ОбувьОпт,2026-02-11,2026-02-13,109,109,PROD_123
Мир Кожи,2026-01-12,2026-01-12,171,171,PROD_129
ОбувьОпт,2026-03-06,2026-03-08,86,77,PROD_127
ОбувьОпт,2026-01-28,2026-01-28,69,62,PROD_146
Текстиль-Групп,2026-03-31,2026-03-31,59,59,PROD_120
Текстиль-Групп,2026-04-13,2026-04-15,106,106,PROD_100
ОбувьОпт,2026-01-26,2026-01-26,158,158,PROD_124
Китай-Трейд,2026-03-29,2026-04-01,74,74,PROD_109
Текстиль-Групп,2026-04-10,2026-04-12,95,95,PROD_102
Китай-Трейд,2026-03-02,2026-03-10,176,176,PROD_113
Китай-Трейд,2026-03-03,2026-03-07,141,141,PROD_135
Текстиль-Групп,2026-04-11,2026-04-12,190,190,PROD_106
ОбувьОпт,2026-02-16,2026-02-18,194,174,PROD_128
Текстиль-Групп,2026-01-26,2026-01-27,67,67,PROD_102
Текстиль-Групп,2026-03-28,2026-03-28,69,69,PROD_141
Текстиль-Групп,2026-05-27,2026-05-29,55,55,PROD_126
Текстиль-Групп,2026-02-28,2026-02-28,57,57,PROD_119
Мир Кожи,2026-03-23,2026-03-23,62,62,PROD_108
Мир Кожи,2026-02-11,2026-02-11,189,189,PROD_133
Китай-Трейд,2026-03-07,2026-03-16,107,107,PROD_129
Текстиль-Групп,2026-04-30,2026-04-30,161,161,PROD_115
Китай-Трейд,2026-04-27,2026-05-01,89,89,PROD_142
ОбувьОпт,2026-04-13,2026-04-13,137,137,PROD_113
Китай-Трейд,2026-05-30,2026-06-04,194,194,PROD_112
Текстиль-Групп,2026-01-14,2026-01-16,169,169,PROD_133
Китай-Трейд,2026-04-09,2026-04-18,158,158,PROD_113
ОбувьОпт,2026-01-22,2026-01-24,149,134,PROD_144
Текстиль-Групп,2026-05-27,2026-05-27,83,83,PROD_143
Китай-Трейд,2026-03-26,2026-04-01,143,143,PROD_130
ОбувьОпт,2026-05-14,2026-05-14,93,93,PROD_117
Текстиль-Групп,2026-02-22,2026-02-22,162,162,PROD_111
Китай-Трейд,2026-02-11,2026-02-22,126,126,PROD_148
Мир Кожи,2026-05-05,2026-05-05,94,94,PROD_124
Текстиль-Групп,2026-01-03,2026-01-03,63,63,PROD_119
Текстиль-Групп,2026-05-08,2026-05-10,173,173,PROD_117
Текстиль-Групп,2026-04-08,2026-04-08,89,89,PROD_108
Китай-Трейд,2026-04-20,2026-04-27,114,114,PROD_139
ОбувьОпт,2026-04-18,2026-04-18,85,76,PROD_148
ОбувьОпт,2026-03-26,2026-03-26,96,96,PROD_134
Текстиль-Групп,2026-04-17,2026-04-17,145,145,PROD_126
Текстиль-Групп,2026-05-17,2026-05-19,79,79,PROD_110
Мир Кожи,2026-01-26,2026-01-27,107,107,PROD_110
ОбувьОпт,2026-03-18,2026-03-18,162,145,PROD_149
Мир Кожи,2026-02-17,2026-02-19,78,78,PROD_134
Мир Кожи,2026-03-19,2026-03-21,168,168,PROD_127
Мир Кожи,2026-04-09,2026-04-09,178,178,PROD_132
Текстиль-Групп,2026-05-09,2026-05-09,190,190,PROD_102
Текстиль-Групп,2026-03-22,2026-03-23,103,103,PROD_119
ОбувьОпт,2026-01-26,2026-01-27,138,138,PROD_126
Китай-Трейд,2026-03-20,2026-03-24,74,74,PROD_144
ОбувьОпт,2026-04-26,2026-04-28,95,95,PROD_121
Китай-Трейд,2026-01-28,2026-02-02,137,137,PROD_128
Текстиль-Групп,2026-03-02,2026-03-03,63,63,PROD_141
Китай-Трейд,2026-02-27,2026-03-07,70,70,PROD_114
Мир Кожи,2026-04-24,2026-04-25,176,176,PROD_106
Текстиль-Групп,2026-04-03,2026-04-05,117,117,PROD_115
Китай-Трейд,2026-04-01,2026-04-12,176,176,PROD_136
Мир Кожи,2026-04-21,2026-04-21,83,83,PROD_130
Китай-Трейд,2026-01-13,2026-01-19,56,56,PROD_119
Мир Кожи,2026-02-22,2026-02-24,170,170,PROD_100
Китай-Трейд,2026-05-09,2026-05-14,183,183,PROD_109
Китай-Трейд,2026-05-27,2026-06-04,133,133,PROD_135
Мир Кожи,2026-02-19,2026-02-21,63,63,PROD_123
Текстиль-Групп,2026-01-19,2026-01-20,140,140,PROD_104
ОбувьОпт,2026-04-10,2026-04-12,196,196,PROD_148
ОбувьОпт,2026-02-23,2026-02-23,180,162,PROD_141
Мир Кожи,2026-03-07,2026-03-08,144,144,PROD_139
Китай-Трейд,2026-04-19,2026-04-27,72,72,PROD_136
Текстиль-Групп,2026-02-08,2026-02-08,58,58,PROD_130
ОбувьОпт,2026-04-04,2026-04-04,152,152,PROD_138
Текстиль-Групп,2026-03-14,2026-03-14,56,56,PROD_100
Китай-Трейд,2026-03-28,2026-04-04,103,103,PROD_123
ОбувьОпт,2026-03-01,2026-03-01,142,127,PROD_149
Китай-Трейд,2026-04-03,2026-04-13,94,94,PROD_122
Текстиль-Групп,2026-05-09,2026-05-09,140,140,PROD_132
Китай-Трейд,2026-05-05,2026-05-16,199,199,PROD_111
Мир Кожи,2026-03-28,2026-03-28,135,135,PROD_102
Мир Кожи,2026-04-24,2026-04-26,195,195,PROD_141
Текстиль-Групп,2026-02-09,2026-02-10,148,148,PROD_125
Китай-Трейд,2026-03-13,2026-03-21,164,164,PROD_146
Мир Кожи,2026-01-04,2026-01-04,185,185,PROD_122
Китай-Трейд,2026-02-21,2026-03-03,88,88,PROD_108
Текстиль-Групп,2026-05-18,2026-05-18,154,154,PROD_108
ОбувьОпт,2026-05-22,2026-05-24,116,104,PROD_147
Текстиль-Групп,2026-05-21,2026-05-21,139,139,PROD_140
Китай-Трейд,2026-03-09,2026-03-18,162,162,PROD_119
ОбувьОпт,2026-01-18,2026-01-18,94,84,PROD_103
ОбувьОпт,2026-02-18,2026-02-18,188,188,PROD_128
ОбувьОпт,2026-01-19,2026-01-21,184,184,PROD_149
ОбувьОпт,2026-03-19,2026-03-19,177,177,PROD_135
ОбувьОпт,2026-04-27,2026-04-29,71,71,PROD_102
ОбувьОпт,2026-01-08,2026-01-08,83,83,PROD_122
Мир Кожи,2026-04-23,2026-04-23,119,119,PROD_120
Мир Кожи,2026-05-22,2026-05-23,171,171,PROD_149
Мир Кожи,2026-02-01,2026-02-01,94,94,PROD_112
Мир Кожи,2026-04-21,2026-04-22,76,76,PROD_106
Текстиль-Групп,2026-05-25,2026-05-25,190,190,PROD_128
Текстиль-Групп,2026-03-29,2026-03-31,67,67,PROD_129
Мир Кожи,2026-01-27,2026-01-29,87,87,PROD_132
Текстиль-Групп,2026-03-11,2026-03-12,124,124,PROD_128
Мир Кожи,2026-05-16,2026-05-16,147,147,PROD_107
ОбувьОпт,2026-03-05,2026-03-05,134,134,PROD_139
Китай-Трейд,2026-03-08,2026-03-17,199,199,PROD_134
Мир Кожи,2026-04-08,2026-04-08,152,152,PROD_101
ОбувьОпт,2026-01-17,2026-01-17,172,172,PROD_131
Китай-Трейд,2026-03-28,2026-04-06,119,119,PROD_122
Мир Кожи,2026-04-30,2026-05-02,79,79,PROD_140
Текстиль-Групп,2026-02-28,2026-02-28,149,149,PROD_146
Текстиль-Групп,2026-03-10,2026-03-12,86,86,PROD_134
Текстиль-Групп,2026-05-17,2026-05-19,153,153,PROD_104
Китай-Трейд,2026-04-07,2026-04-10,138,138,PROD_101
Мир Кожи,2026-01-15,2026-01-15,152,152,PROD_110
ОбувьОпт,2026-02-14,2026-02-14,126,126,PROD_120
Текстиль-Групп,2026-04-01,2026-04-03,108,108,PROD_105
Текстиль-Групп,2026-01-20,2026-01-22,156,156,PROD_100
ОбувьОпт,2026-02-11,2026-02-11,195,175,PROD_138
ОбувьОпт,2026-02-18,2026-02-18,98,98,PROD_149
Китай-Трейд,2026-02-26,2026-03-09,80,80,PROD_102
ОбувьОпт,2026-05-17,2026-05-17,59,59,PROD_139
Текстиль-Групп,2026-03-05,2026-03-07,119,119,PROD_116
Китай-Трейд,2026-02-15,2026-02-23,132,132,PROD_121
Мир Кожи,2026-02-13,2026-02-13,196,196,PROD_101
Текстиль-Групп,2026-04-27,2026-04-27,118,118,PROD_101
Текстиль-Групп,2026-03-21,2026-03-22,194,194,PROD_139
ОбувьОпт,2026-04-24,2026-04-24,142,142,PROD_123
ОбувьОпт,2026-02-26,2026-02-27,126,126,PROD_147
ОбувьОпт,2026-02-20,2026-02-20,128,128,PROD_135
ОбувьОпт,2026-01-28,2026-01-30,75,75,PROD_112
Текстиль-Групп,2026-03-26,2026-03-26,193,193,PROD_134
Китай-Трейд,2026-04-13,2026-04-17,160,160,PROD_120
ОбувьОпт,2026-03-22,2026-03-22,77,77,PROD_116
Текстиль-Групп,2026-05-01,2026-05-02,135,135,PROD_134
ОбувьОпт,2026-02-07,2026-02-08,183,164,PROD_138
Китай-Трейд,2026-04-09,2026-04-15,177,177,PROD_103
Текстиль-Групп,2026-02-10,2026-02-10,191,191,PROD_138
Мир Кожи,2026-01-25,2026-01-26,171,171,PROD_120
Текстиль-Групп,2026-05-07,2026-05-09,123,123,PROD_105
Мир Кожи,2026-03-27,2026-03-27,132,132,PROD_141
Мир Кожи,2026-02-25,2026-02-25,183,183,PROD_107
ОбувьОпт,2026-05-09,2026-05-09,134,120,PROD_110
ОбувьОпт,2026-04-11,2026-04-11,69,62,PROD_106
Китай-Трейд,2026-04-28,2026-05-06,120,120,PROD_108
ОбувьОпт,2026-05-18,2026-05-19,180,180,PROD_105
ОбувьОпт,2026-05-12,2026-05-12,115,115,PROD_100
ОбувьОпт,2026-03-04,2026-03-06,98,98,PROD_124
Мир Кожи,2026-01-14,2026-01-14,135,135,PROD_105
Китай-Трейд,2026-03-28,2026-04-08,117,117,PROD_142
Текстиль-Групп,2026-02-12,2026-02-12,51,51,PROD_103
Китай-Трейд,2026-01-30,2026-02-08,111,111,PROD_115
Текстиль-Групп,2026-01-14,2026-01-15,198,198,PROD_132
ОбувьОпт,2026-05-29,2026-05-30,147,132,PROD_126
Китай-Трейд,2026-03-29,2026-04-02,87,87,PROD_103
Мир Кожи,2026-01-31,2026-01-31,162,162,PROD_113
Мир Кожи,2026-03-22,2026-03-23,114,114,PROD_134
Текстиль-Групп,2026-02-28,2026-02-28,149,149,PROD_121
ОбувьОпт,2026-01-17,2026-01-18,116,116,PROD_101
Китай-Трейд,2026-03-15,2026-03-26,167,167,PROD_140
Текстиль-Групп,2026-03-17,2026-03-19,189,189,PROD_139
ОбувьОпт,2026-04-02,2026-04-02,166,166,PROD_120
ОбувьОпт,2026-05-12,2026-05-13,122,109,PROD_136
ОбувьОпт,2026-05-21,2026-05-22,153,137,PROD_143
Текстиль-Групп,2026-02-21,2026-02-23,87,87,PROD_136
Мир Кожи,2026-03-31,2026-04-01,98,98,PROD_119
Текстиль-Групп,2026-04-01,2026-04-01,172,172,PROD_132
Текстиль-Групп,2026-04-24,2026-04-24,133,133,PROD_121
Мир Кожи,2026-01-13,2026-01-13,186,186,PROD_109
Текстиль-Групп,2026-03-22,2026-03-22,144,144,PROD_144
Текстиль-Групп,2026-02-15,2026-02-15,93,93,PROD_108
Китай-Трейд,2026-01-21,2026-01-28,146,146,PROD_118
ОбувьОпт,2026-04-29,2026-04-29,58,58,PROD_121
Мир Кожи,2026-01-15,2026-01-17,112,112,PROD_100
Мир Кожи,2026-02-19,2026-02-20,81,81,PROD_121
Текстиль-Групп,2026-01-20,2026-01-20,174,174,PROD_149
Текстиль-Групп,2026-05-19,2026-05-20,64,64,PROD_145
Текстиль-Групп,2026-04-24,2026-04-25,103,103,PROD_101
Текстиль-Групп,2026-02-24,2026-02-24,112,112,PROD_122
Китай-Трейд,2026-04-03,2026-04-12,151,151,PROD_123
Мир Кожи,2026-02-11,2026-02-13,163,163,PROD_125
ОбувьОпт,2026-04-26,2026-04-26,160,160,PROD_107
ОбувьОпт,2026-05-14,2026-05-14,176,176,PROD_139
ОбувьОпт,2026-02-15,2026-02-15,166,166,PROD_140
ОбувьОпт,2026-03-31,2026-04-01,82,73,PROD_100
Текстиль-Групп,2026-03-01,2026-03-02,146,146,PROD_107
Китай-Трейд,2026-05-15,2026-05-26,159,159,PROD_147
Текстиль-Групп,2026-05-22,2026-05-22,101,101,PROD_114
Мир Кожи,2026-03-13,2026-03-14,198,198,PROD_107
ОбувьОпт,2026-02-28,2026-02-28,131,131,PROD_109
Текстиль-Групп,2026-04-14,2026-04-14,136,136,PROD_145
Китай-Трейд,2026-04-30,2026-05-11,73,73,PROD_101
Текстиль-Групп,2026-03-03,2026-03-04,172,172,PROD_131
Мир Кожи,2026-05-14,2026-05-16,193,193,PROD_115
ОбувьОпт,2026-05-26,2026-05-26,129,116,PROD_110
Китай-Трейд,2026-03-30,2026-04-08,119,119,PROD_149
Текстиль-Групп,2026-01-10,2026-01-11,68,68,PROD_101
Текстиль-Групп,2026-01-29,2026-01-29,191,191,PROD_118
Мир Кожи,2026-04-19,2026-04-19,80,80,PROD_120
Текстиль-Групп,2026-03-13,2026-03-13,135,135,PROD_113
ОбувьОпт,2026-01-21,2026-01-22,193,193,PROD_124
ОбувьОпт,2026-05-06,2026-05-08,114,114,PROD_137
Мир Кожи,2026-03-24,2026-03-24,150,150,PROD_143
ОбувьОпт,2026-02-05,2026-02-05,62,55,PROD_133
ОбувьОпт,2026-01-25,2026-01-25,70,63,PROD_136
Мир Кожи,2026-01-13,2026-01-14,51,51,PROD_100
ОбувьОпт,2026-02-14,2026-02-16,99,99,PROD_125
ОбувьОпт,2026-03-03,2026-03-03,57,57,PROD_109
Мир Кожи,2026-03-21,2026-03-22,151,151,PROD_117
Мир Кожи,2026-02-06,2026-02-06,188,188,PROD_110
Текстиль-Групп,2026-03-28,2026-03-30,64,64,PROD_133
ОбувьОпт,2026-04-11,2026-04-11,173,173,PROD_111
Текстиль-Групп,2026-04-22,2026-04-23,152,152,PROD_117
ОбувьОпт,2026-02-06,2026-02-08,74,74,PROD_106
Текстиль-Групп,2026-03-25,2026-03-25,94,94,PROD_135
Китай-Трейд,2026-03-16,2026-03-25,121,121,PROD_143
Текстиль-Групп,2026-03-28,2026-03-28,147,147,PROD_112
Текстиль-Групп,2026-03-04,2026-03-06,62,62,PROD_118
ОбувьОпт,2026-03-03,2026-03-04,178,178,PROD_135
Текстиль-Групп,2026-02-12,2026-02-13,129,129,PROD_119
Текстиль-Групп,2026-05-19,2026-05-19,184,184,PROD_123
Мир Кожи,2026-04-17,2026-04-17,103,103,PROD_125
ОбувьОпт,2026-04-03,2026-04-05,77,77,PROD_116
ОбувьОпт,2026-05-03,2026-05-03,174,174,PROD_133
Китай-Трейд,2026-01-28,2026-02-03,75,75,PROD_115
ОбувьОпт,2026-02-02,2026-02-04,136,122,PROD_128
Китай-Трейд,2026-01-03,2026-01-07,120,120,PROD_111
Китай-Трейд,2026-05-16,2026-05-23,136,136,PROD_118
ОбувьОпт,2026-05-10,2026-05-10,163,163,PROD_110
Текстиль-Групп,2026-02-02,2026-02-02,199,199,PROD_139
Мир Кожи,2026-02-27,2026-02-27,194,194,PROD_132
Китай-Трейд,2026-04-17,2026-04-28,63,63,PROD_118
ОбувьОпт,2026-03-09,2026-03-10,95,85,PROD_124
Текстиль-Групп,2026-04-14,2026-04-14,165,165,PROD_123
Китай-Трейд,2026-02-19,2026-02-27,68,68,PROD_102
Текстиль-Групп,2026-03-16,2026-03-16,125,125,PROD_127
ОбувьОпт,2026-01-26,2026-01-28,116,116,PROD_134
Мир Кожи,2026-01-15,2026-01-15,134,134,PROD_145
Текстиль-Групп,2026-01-15,2026-01-15,103,103,PROD_137
Мир Кожи,2026-01-01,2026-01-03,99,99,PROD_135
ОбувьОпт,2026-04-21,2026-04-21,106,106,PROD_147
Мир Кожи,2026-04-16,2026-04-16,194,194,PROD_108
Текстиль-Групп,2026-01-17,2026-01-19,78,78,PROD_138
Текстиль-Групп,2026-04-11,2026-04-11,56,56,PROD_120
Текстиль-Групп,2026-05-22,2026-05-22,164,164,PROD_109
ОбувьОпт,2026-02-10,2026-02-10,177,159,PROD_122
Мир Кожи,2026-01-26,2026-01-26,148,148,PROD_117
Текстиль-Групп,2026-02-05,2026-02-05,109,109,PROD_101
Мир Кожи,2026-05-30,2026-05-31,119,119,PROD_104
Мир Кожи,2026-02-14,2026-02-14,58,58,PROD_120
Китай-Трейд,2026-05-20,2026-05-27,199,199,PROD_109
Мир Кожи,2026-05-24,2026-05-25,122,122,PROD_127
ОбувьОпт,2026-05-02,2026-05-03,129,116,PROD_102
Китай-Трейд,2026-02-18,2026-02-22,184,184,PROD_119
ОбувьОпт,2026-02-10,2026-02-10,65,65,PROD_120
Мир Кожи,2026-05-25,2026-05-25,159,159,PROD_148
Текстиль-Групп,2026-03-10,2026-03-11,82,82,PROD_104
Текстиль-Групп,2026-02-01,2026-02-02,125,125,PROD_114
ОбувьОпт,2026-03-07,2026-03-07,56,50,PROD_125
Мир Кожи,2026-02-10,2026-02-12,125,125,PROD_103
ОбувьОпт,2026-01-24,2026-01-24,113,113,PROD_103
ОбувьОпт,2026-04-10,2026-04-10,113,113,PROD_146
Текстиль-Групп,2026-03-16,2026-03-16,133,133,PROD_149
Текстиль-Групп,2026-03-20,2026-03-22,85,85,PROD_121
Мир Кожи,2026-04-23,2026-04-23,110,110,PROD_128
Китай-Трейд,2026-04-11,2026-04-14,166,166,PROD_148
Китай-Трейд,2026-01-19,2026-01-25,109,109,PROD_144
ОбувьОпт,2026-03-26,2026-03-27,81,81,PROD_132
Мир Кожи,2026-05-17,2026-05-17,106,106,PROD_106
Мир Кожи,2026-03-19,2026-03-19,91,91,PROD_117
Китай-Трейд,2026-03-05,2026-03-16,178,178,PROD_102
ОбувьОпт,2026-05-17,2026-05-19,109,109,PROD_132
Мир Кожи,2026-04-28,2026-04-28,113,113,PROD_140
Китай-Трейд,2026-03-25,2026-03-30,100,100,PROD_144
Китай-Трейд,2026-01-25,2026-01-30,127,127,PROD_104
Текстиль-Групп,2026-03-23,2026-03-24,164,164,PROD_125
Китай-Трейд,2026-04-16,2026-04-20,178,178,PROD_120
ОбувьОпт,2026-03-06,2026-03-06,158,142,PROD_102
Мир Кожи,2026-02-28,2026-02-28,139,139,PROD_122
Мир Кожи,2026-04-18,2026-04-18,160,160,PROD_145
Китай-Трейд,2026-03-10,2026-03-20,126,126,PROD_106
Текстиль-Групп,2026-03-29,2026-03-29,155,155,PROD_113
Китай-Трейд,2026-03-14,2026-03-25,164,164,PROD_108
Китай-Трейд,2026-02-17,2026-02-27,97,97,PROD_116
Китай-Трейд,2026-04-17,2026-04-21,66,66,PROD_117
Текстиль-Групп,2026-01-18,2026-01-20,70,70,PROD_139
Китай-Трейд,2026-03-06,2026-03-15,96,96,PROD_135
Мир Кожи,2026-05-12,2026-05-14,176,176,PROD_124
Мир Кожи,2026-01-19,2026-01-20,175,175,PROD_127
Китай-Трейд,2026-04-26,2026-05-05,132,132,PROD_148
Мир Кожи,2026-01-14,2026-01-14,169,169,PROD_133
ОбувьОпт,2026-05-14,2026-05-14,180,180,PROD_146
ОбувьОпт,2026-02-09,2026-02-11,75,67,PROD_104
Мир Кожи,2026-03-10,2026-03-10,75,75,PROD_136
Китай-Трейд,2026-02-20,2026-02-25,174,174,PROD_135
Текстиль-Групп,2026-01-25,2026-01-25,124,124,PROD_147
ОбувьОпт,2026-01-11,2026-01-11,58,58,PROD_108
Китай-Трейд,2026-01-04,2026-01-09,123,123,PROD_137
Текстиль-Групп,2026-05-02,2026-05-04,89,89,PROD_139
Мир Кожи,2026-03-20,2026-03-20,158,158,PROD_137
Мир Кожи,2026-03-03,2026-03-05,79,79,PROD_105
Китай-Трейд,2026-01-07,2026-01-14,180,180,PROD_148
Мир Кожи,2026-04-25,2026-04-25,64,64,PROD_128
Текстиль-Групп,2026-03-08,2026-03-08,173,173,PROD_113
Китай-Трейд,2026-04-07,2026-04-12,82,82,PROD_129
Мир Кожи,2026-01-14,2026-01-14,56,56,PROD_134
ОбувьОпт,2026-02-23,2026-02-23,106,106,PROD_142
Китай-Трейд,2026-05-22,2026-05-27,94,94,PROD_108
ОбувьОпт,2026-04-10,2026-04-10,93,83,PROD_147
Китай-Трейд,2026-05-08,2026-05-15,124,124,PROD_108
Текстиль-Групп,2026-02-01,2026-02-02,143,143,PROD_108
Китай-Трейд,2026-02-19,2026-02-22,120,120,PROD_112
Мир Кожи,2026-04-04,2026-04-04,119,119,PROD_142
ОбувьОпт,2026-02-17,2026-02-17,77,69,PROD_114
Текстиль-Групп,2026-05-14,2026-05-14,163,163,PROD_106
ОбувьОпт,2026-01-15,2026-01-16,121,121,PROD_149
Текстиль-Групп,2026-05-14,2026-05-16,185,185,PROD_135
Текстиль-Групп,2026-01-06,2026-01-06,175,175,PROD_123
Мир Кожи,2026-03-13,2026-03-14,63,63,PROD_124
Мир Кожи,2026-02-13,2026-02-13,140,140,PROD_102
Китай-Трейд,2026-05-19,2026-05-27,98,98,PROD_120
Китай-Трейд,2026-01-02,2026-01-10,116,116,PROD_112
Мир Кожи,2026-05-26,2026-05-28,166,166,PROD_120
Текстиль-Групп,2026-03-28,2026-03-30,63,63,PROD_138
Китай-Трейд,2026-01-22,2026-01-29,186,186,PROD_117
ОбувьОпт,2026-05-03,2026-05-05,64,64,PROD_117
Китай-Трейд,2026-04-17,2026-04-21,157,157,PROD_115
Мир Кожи,2026-01-28,2026-01-28,141,141,PROD_111
Текстиль-Групп,2026-03-29,2026-03-29,77,77,PROD_147
ОбувьОпт,2026-01-28,2026-01-29,114,114,PROD_105
Текстиль-Групп,2026-02-14,2026-02-14,111,111,PROD_115
Мир Кожи,2026-01-07,2026-01-07,148,148,PROD_119
Китай-Трейд,2026-03-17,2026-03-24,170,170,PROD_131
Мир Кожи,2026-04-04,2026-04-04,92,92,PROD_142
Мир Кожи,2026-05-08,2026-05-10,182,182,PROD_140
Текстиль-Групп,2026-01-07,2026-01-08,156,156,PROD_112
ОбувьОпт,2026-05-14,2026-05-14,67,60,PROD_118
Китай-Трейд,2026-02-13,2026-02-24,198,198,PROD_108
ОбувьОпт,2026-02-03,2026-02-03,128,128,PROD_136
ОбувьОпт,2026-02-19,2026-02-19,178,178,PROD_126
Мир Кожи,2026-02-24,2026-02-24,157,157,PROD_131
ОбувьОпт,2026-04-10,2026-04-10,158,158,PROD_102
ОбувьОпт,2026-04-06,2026-04-07,105,105,PROD_129
ОбувьОпт,2026-02-13,2026-02-14,196,196,PROD_124
Текстиль-Групп,2026-02-04,2026-02-04,53,53,PROD_124
Текстиль-Групп,2026-02-23,2026-02-23,80,80,PROD_147
ОбувьОпт,2026-02-23,2026-02-23,142,142,PROD_117
Мир Кожи,2026-02-26,2026-02-26,73,73,PROD_100
Китай-Трейд,2026-04-14,2026-04-23,95,95,PROD_107
Мир Кожи,2026-02-06,2026-02-06,155,155,PROD_127
ОбувьОпт,2026-04-26,2026-04-27,107,107,PROD_112
Мир Кожи,2026-01-15,2026-01-15,123,123,PROD_137
Текстиль-Групп,2026-02-12,2026-02-13,96,96,PROD_137
Китай-Трейд,2026-02-16,2026-02-27,150,150,PROD_130
ОбувьОпт,2026-04-09,2026-04-09,184,184,PROD_135
Текстиль-Групп,2026-05-25,2026-05-26,155,155,PROD_142
Текстиль-Групп,2026-03-10,2026-03-10,140,140,PROD_135
Мир Кожи,2026-05-12,2026-05-12,132,132,PROD_108
Мир Кожи,2026-04-22,2026-04-24,114,114,PROD_145
Текстиль-Групп,2026-05-09,2026-05-10,59,59,PROD_110
Текстиль-Групп,2026-04-14,2026-04-14,90,90,PROD_140
Текстиль-Групп,2026-02-23,2026-02-23,70,70,PROD_149
ОбувьОпт,2026-05-30,2026-05-30,143,128,PROD_102
Мир Кожи,2026-04-18,2026-04-18,192,192,PROD_135
Текстиль-Групп,2026-04-14,2026-04-14,148,148,PROD_133
Китай-Трейд,2026-03-11,2026-03-14,188,188,PROD_124
Китай-Трейд,2026-01-04,2026-01-12,112,112,PROD_112
Китай-Трейд,2026-02-01,2026-02-08,68,68,PROD_121
Мир Кожи,2026-02-04,2026-02-04,67,67,PROD_126
Китай-Трейд,2026-04-20,2026-04-28,184,184,PROD_106
ОбувьОпт,2026-03-30,2026-03-30,84,84,PROD_117
Текстиль-Групп,2026-03-14,2026-03-14,84,84,PROD_111
ОбувьОпт,2026-02-21,2026-02-21,125,125,PROD_125
ОбувьОпт,2026-05-24,2026-05-24,80,72,PROD_141
Мир Кожи,2026-03-31,2026-04-02,93,93,PROD_105
ОбувьОпт,2026-02-09,2026-02-11,79,79,PROD_124
ОбувьОпт,2026-05-25,2026-05-25,101,90,PROD_105
Текстиль-Групп,2026-04-24,2026-04-25,162,162,PROD_146
Текстиль-Групп,2026-05-09,2026-05-09,184,184,PROD_147
Мир Кожи,2026-03-16,2026-03-17,75,75,PROD_103
Мир Кожи,2026-02-18,2026-02-20,96,96,PROD_101
ОбувьОпт,2026-01-17,2026-01-17,111,111,PROD_123
Текстиль-Групп,2026-04-12,2026-04-12,157,157,PROD_116
ОбувьОпт,2026-02-10,2026-02-11,151,151,PROD_113
Мир Кожи,2026-03-25,2026-03-26,88,88,PROD_105
Мир Кожи,2026-05-28,2026-05-30,96,96,PROD_112
Китай-Трейд,2026-01-29,2026-02-08,76,76,PROD_128
Китай-Трейд,2026-03-05,2026-03-08,163,163,PROD_125
ОбувьОпт,2026-02-02,2026-02-02,118,118,PROD_149
Мир Кожи,2026-02-17,2026-02-18,190,190,PROD_148
Китай-Трейд,2026-01-15,2026-01-22,128,128,PROD_127
ОбувьОпт,2026-04-11,2026-04-12,101,101,PROD_137
ОбувьОпт,2026-01-13,2026-01-13,51,45,PROD_123
Китай-Трейд,2026-05-16,2026-05-19,88,88,PROD_124
Мир Кожи,2026-04-13,2026-04-15,54,54,PROD_143
Текстиль-Групп,2026-04-26,2026-04-26,130,130,PROD_131
ОбувьОпт,2026-04-30,2026-05-02,172,154,PROD_105
Текстиль-Групп,2026-04-21,2026-04-21,89,89,PROD_120
Китай-Трейд,2026-03-01,2026-03-09,115,115,PROD_128
Мир Кожи,2026-04-12,2026-04-12,106,106,PROD_111
Текстиль-Групп,2026-02-21,2026-02-21,80,80,PROD_120
Мир Кожи,2026-03-17,2026-03-17,86,86,PROD_129
Китай-Трейд,2026-05-22,2026-05-26,196,196,PROD_117
Китай-Трейд,2026-03-14,2026-03-18,186,186,PROD_101
ОбувьОпт,2026-03-18,2026-03-20,192,192,PROD_144
Мир Кожи,2026-03-31,2026-03-31,102,102,PROD_139
Текстиль-Групп,2026-01-11,2026-01-11,173,173,PROD_102
ОбувьОпт,2026-03-25,2026-03-25,127,127,PROD_127
ОбувьОпт,2026-03-12,2026-03-12,133,133,PROD_122
Текстиль-Групп,2026-02-22,2026-02-22,72,72,PROD_149
Китай-Трейд,2026-02-10,2026-02-16,81,81,PROD_129
Китай-Трейд,2026-01-06,2026-01-17,178,178,PROD_138
ОбувьОпт,2026-03-14,2026-03-15,77,69,PROD_145
Текстиль-Групп,2026-05-17,2026-05-17,169,169,PROD_103
Текстиль-Групп,2026-03-14,2026-03-14,110,110,PROD_140
Мир Кожи,2026-02-14,2026-02-14,97,97,PROD_129
Текстиль-Групп,2026-01-30,2026-01-30,194,194,PROD_141
Китай-Трейд,2026-02-22,2026-02-25,144,144,PROD_140
Текстиль-Групп,2026-05-29,2026-05-30,87,87,PROD_136
ОбувьОпт,2026-04-11,2026-04-12,82,82,PROD_145
Мир Кожи,2026-01-15,2026-01-15,152,152,PROD_127
Мир Кожи,2026-04-03,2026-04-05,62,62,PROD_131
Мир Кожи,2026-03-12,2026-03-12,99,99,PROD_105
Китай-Трейд,2026-03-14,2026-03-19,84,84,PROD_110
Китай-Трейд,2026-03-25,2026-04-05,58,58,PROD_136
Мир Кожи,2026-03-11,2026-03-11,127,127,PROD_124
Китай-Трейд,2026-05-16,2026-05-22,139,139,PROD_119
Текстиль-Групп,2026-03-18,2026-03-18,110,110,PROD_144
ОбувьОпт,2026-02-23,2026-02-23,125,112,PROD_133
Текстиль-Групп,2026-02-28,2026-02-28,159,159,PROD_111
ОбувьОпт,2026-03-10,2026-03-10,104,104,PROD_134
Текстиль-Групп,2026-01-10,2026-01-12,75,75,PROD_100
Китай-Трейд,2026-02-08,2026-02-15,90,90,PROD_115
ОбувьОпт,2026-01-04,2026-01-04,192,192,PROD_110
Китай-Трейд,2026-02-23,2026-02-26,140,140,PROD_137
ОбувьОпт,2026-05-24,2026-05-24,57,57,PROD_136
Китай-Трейд,2026-04-24,2026-04-28,168,168,PROD_123
Мир Кожи,2026-01-10,2026-01-11,124,124,PROD_117
Китай-Трейд,2026-05-26,2026-06-05,155,155,PROD_115
Китай-Трейд,2026-03-14,2026-03-25,191,191,PROD_136
Мир Кожи,2026-03-08,2026-03-08,53,53,PROD_126
ОбувьОпт,2026-05-13,2026-05-13,104,93,PROD_109
Мир Кожи,2026-02-03,2026-02-03,90,90,PROD_123
Текстиль-Групп,2026-04-24,2026-04-25,149,149,PROD_132
ОбувьОпт,2026-03-17,2026-03-18,191,191,PROD_101
Мир Кожи,2026-03-18,2026-03-18,157,157,PROD_145
Мир Кожи,2026-05-16,2026-05-17,104,104,PROD_135
Текстиль-Групп,2026-03-02,2026-03-04,191,191,PROD_107
Китай-Трейд,2026-05-21,2026-05-31,88,88,PROD_107
Китай-Трейд,2026-02-19,2026-02-22,97,97,PROD_136
Текстиль-Групп,2026-03-16,2026-03-16,195,195,PROD_139
Мир Кожи,2026-01-07,2026-01-07,84,84,PROD_141
ОбувьОпт,2026-01-21,2026-01-22,71,71,PROD_125
ОбувьОпт,2026-03-24,2026-03-24,146,146,PROD_118
Мир Кожи,2026-01-24,2026-01-24,52,52,PROD_126
Текстиль-Групп,2026-01-22,2026-01-23,138,138,PROD_145
Текстиль-Групп,2026-02-27,2026-02-28,199,199,PROD_137
ОбувьОпт,2026-01-17,2026-01-18,102,102,PROD_123
Китай-Трейд,2026-02-06,2026-02-11,143,143,PROD_103
Текстиль-Групп,2026-01-29,2026-01-31,190,190,PROD_105
Китай-Трейд,2026-05-28,2026-06-02,194,194,PROD_100
Текстиль-Групп,2026-01-22,2026-01-22,187,187,PROD_120
Китай-Трейд,2026-03-24,2026-03-27,184,184,PROD_147
Мир Кожи,2026-05-07,2026-05-08,53,53,PROD_128
ОбувьОпт,2026-02-04,2026-02-04,52,52,PROD_134
Текстиль-Групп,2026-04-13,2026-04-13,61,61,PROD_146
Мир Кожи,2026-05-02,2026-05-04,136,136,PROD_149
Мир Кожи,2026-05-26,2026-05-26,60,60,PROD_113
ОбувьОпт,2026-05-13,2026-05-13,178,178,PROD_100
ОбувьОпт,2026-05-09,2026-05-11,60,54,PROD_132
Текстиль-Групп,2026-05-11,2026-05-11,77,77,PROD_135
ОбувьОпт,2026-03-31,2026-04-02,137,137,PROD_148
Мир Кожи,2026-01-24,2026-01-24,58,58,PROD_149
Текстиль-Групп,2026-02-14,2026-02-14,140,140,PROD_113
Текстиль-Групп,2026-01-29,2026-01-29,160,160,PROD_101
Китай-Трейд,2026-03-23,2026-04-01,111,111,PROD_123
Текстиль-Групп,2026-03-07,2026-03-08,63,63,PROD_148
Мир Кожи,2026-04-16,2026-04-16,176,176,PROD_141
Текстиль-Групп,2026-02-05,2026-02-06,176,176,PROD_111
Текстиль-Групп,2026-03-19,2026-03-19,118,118,PROD_103
ОбувьОпт,2026-01-31,2026-01-31,168,168,PROD_140
Мир Кожи,2026-03-02,2026-03-02,118,118,PROD_146
Китай-Трейд,2026-04-05,2026-04-11,118,118,PROD_101
Текстиль-Групп,2026-03-23,2026-03-24,174,174,PROD_133
Текстиль-Групп,2026-04-04,2026-04-04,84,84,PROD_105
Китай-Трейд,2026-04-10,2026-04-19,79,79,PROD_138
ОбувьОпт,2026-02-18,2026-02-20,129,129,PROD_123
Китай-Трейд,2026-01-18,2026-01-26,151,151,PROD_127
ОбувьОпт,2026-03-21,2026-03-23,115,115,PROD_100
Мир Кожи,2026-03-04,2026-03-06,72,72,PROD_142
Мир Кожи,2026-04-19,2026-04-21,196,196,PROD_143
Текстиль-Групп,2026-05-29,2026-05-30,53,53,PROD_142
Китай-Трейд,2026-05-24,2026-06-02,117,117,PROD_141
Текстиль-Групп,2026-04-24,2026-04-26,77,77,PROD_146
Текстиль-Групп,2026-05-10,2026-05-10,55,55,PROD_132
Китай-Трейд,2026-05-03,2026-05-14,169,169,PROD_123
Китай-Трейд,2026-05-15,2026-05-22,190,190,PROD_135
Текстиль-Групп,2026-01-10,2026-01-12,117,117,PROD_147
ОбувьОпт,2026-02-11,2026-02-13,94,94,PROD_148
Текстиль-Групп,2026-05-03,2026-05-05,50,50,PROD_115
Мир Кожи,2026-03-10,2026-03-11,140,140,PROD_131
Текстиль-Групп,2026-05-05,2026-05-05,64,64,PROD_125
Текстиль-Групп,2026-05-04,2026-05-05,132,132,PROD_139
ОбувьОпт,2026-02-07,2026-02-09,122,109,PROD_130
Мир Кожи,2026-01-29,2026-01-30,101,101,PROD_102
Китай-Трейд,2026-02-27,2026-03-07,155,155,PROD_111
ОбувьОпт,2026-03-08,2026-03-08,93,83,PROD_109
ОбувьОпт,2026-05-17,2026-05-19,185,185,PROD_117
Текстиль-Групп,2026-05-18,2026-05-18,185,185,PROD_142
Мир Кожи,2026-01-29,2026-01-29,157,157,PROD_118
ОбувьОпт,2026-01-08,2026-01-08,149,149,PROD_143
Китай-Трейд,2026-02-11,2026-02-15,196,196,PROD_117
Китай-Трейд,2026-01-13,2026-01-17,168,168,PROD_120
Мир Кожи,2026-03-12,2026-03-12,187,187,PROD_140
Китай-Трейд,2026-04-16,2026-04-21,145,145,PROD_121
Мир Кожи,2026-01-09,2026-01-09,95,95,PROD_118
ОбувьОпт,2026-03-09,2026-03-11,188,169,PROD_122
ОбувьОпт,2026-01-22,2026-01-22,76,68,PROD_148
Текстиль-Групп,2026-01-13,2026-01-13,115,115,PROD_126
Мир Кожи,2026-02-22,2026-02-23,156,156,PROD_113
Мир Кожи,2026-03-05,2026-03-05,93,93,PROD_148
Мир Кожи,2026-02-18,2026-02-18,187,187,PROD_126
Мир Кожи,2026-02-23,2026-02-23,80,80,PROD_138
Текстиль-Групп,2026-01-10,2026-01-11,63,63,PROD_115
Китай-Трейд,2026-05-14,2026-05-20,124,124,PROD_133
Текстиль-Групп,2026-04-13,2026-04-13,114,114,PROD_124
Текстиль-Групп,2026-02-16,2026-02-17,98,98,PROD_133
Мир Кожи,2026-02-26,2026-02-26,129,129,PROD_138
Текстиль-Групп,2026-03-21,2026-03-21,59,59,PROD_125
Текстиль-Групп,2026-01-28,2026-01-28,117,117,PROD_142
ОбувьОпт,2026-04-27,2026-04-27,50,50,PROD_127
Текстиль-Групп,2026-03-07,2026-03-09,194,194,PROD_124
ОбувьОпт,2026-02-27,2026-02-27,163,163,PROD_115
ОбувьОпт,2026-02-11,2026-02-11,82,82,PROD_115
Мир Кожи,2026-03-23,2026-03-23,136,136,PROD_112
Мир Кожи,2026-05-09,2026-05-10,194,194,PROD_122
Мир Кожи,2026-04-29,2026-04-30,76,76,PROD_112
Мир Кожи,2026-01-22,2026-01-24,163,163,PROD_139
Текстиль-Групп,2026-01-07,2026-01-09,84,84,PROD_140
Китай-Трейд,2026-04-17,2026-04-25,178,178,PROD_129
Мир Кожи,2026-04-14,2026-04-14,115,115,PROD_113
ОбувьОпт,2026-04-06,2026-04-06,182,182,PROD_134
Китай-Трейд,2026-04-08,2026-04-19,153,153,PROD_140
Китай-Трейд,2026-02-06,2026-02-13,102,102,PROD_131
Текстиль-Групп,2026-01-12,2026-01-13,63,63,PROD_136
Китай-Трейд,2026-02-25,2026-03-04,191,191,PROD_103
Текстиль-Групп,2026-04-12,2026-04-14,135,135,PROD_132
Китай-Трейд,2026-05-15,2026-05-24,115,115,PROD_118
Китай-Трейд,2026-01-19,2026-01-22,132,132,PROD_122
Китай-Трейд,2026-04-08,2026-04-16,186,186,PROD_128
Китай-Трейд,2026-03-21,2026-03-25,100,100,PROD_102
Китай-Трейд,2026-03-18,2026-03-29,114,114,PROD_111
Текстиль-Групп,2026-01-05,2026-01-06,90,90,PROD_109
Мир Кожи,2026-03-09,2026-03-09,91,91,PROD_141
ОбувьОпт,2026-05-08,2026-05-08,139,125,PROD_145
Китай-Трейд,2026-05-07,2026-05-17,85,85,PROD_107
Китай-Трейд,2026-04-12,2026-04-15,72,72,PROD_138
ОбувьОпт,2026-02-19,2026-02-21,94,84,PROD_133
ОбувьОпт,2026-01-02,2026-01-02,74,74,PROD_133
ОбувьОпт,2026-03-10,2026-03-11,155,155,PROD_136
Текстиль-Групп,2026-03-25,2026-03-27,122,122,PROD_115
Мир Кожи,2026-04-26,2026-04-28,156,156,PROD_138
Мир Кожи,2026-05-13,2026-05-13,83,83,PROD_129
Текстиль-Групп,2026-02-08,2026-02-08,199,199,PROD_121
ОбувьОпт,2026-04-10,2026-04-12,141,141,PROD_145
Китай-Трейд,2026-02-09,2026-02-18,97,97,PROD_119
Китай-Трейд,2026-04-08,2026-04-11,196,196,PROD_124
Китай-Трейд,2026-03-26,2026-04-01,146,146,PROD_105
Текстиль-Групп,2026-01-07,2026-01-07,168,168,PROD_118
Мир Кожи,2026-03-18,2026-03-20,101,101,PROD_126
Мир Кожи,2026-05-14,2026-05-16,109,109,PROD_149
ОбувьОпт,2026-01-08,2026-01-08,59,59,PROD_127
ОбувьОпт,2026-01-26,2026-01-26,182,182,PROD_149
Китай-Трейд,2026-05-28,2026-05-31,93,93,PROD_109
Китай-Трейд,2026-05-12,2026-05-17,186,186,PROD_136
Китай-Трейд,2026-03-01,2026-03-09,71,71,PROD_113
Текстиль-Групп,2026-03-04,2026-03-04,133,133,PROD_117
Китай-Трейд,2026-04-19,2026-04-26,150,150,PROD_125
ОбувьОпт,2026-03-08,2026-03-08,139,139,PROD_140
ОбувьОпт,2026-02-26,2026-02-28,60,60,PROD_128
Текстиль-Групп,2026-05-29,2026-05-30,71,71,PROD_111
Китай-Трейд,2026-04-24,2026-05-01,67,67,PROD_143
Текстиль-Групп,2026-04-21,2026-04-21,154,154,PROD_129
ОбувьОпт,2026-04-21,2026-04-22,115,103,PROD_117
Мир Кожи,2026-01-17,2026-01-17,129,129,PROD_107
Китай-Трейд,2026-02-23,2026-02-27,151,151,PROD_147
Китай-Трейд,2026-01-07,2026-01-10,158,158,PROD_129
Мир Кожи,2026-02-23,2026-02-23,128,128,PROD_145
ОбувьОпт,2026-01-26,2026-01-26,172,154,PROD_130
Мир Кожи,2026-05-16,2026-05-16,163,163,PROD_124
Текстиль-Групп,2026-02-27,2026-02-27,110,110,PROD_128
Мир Кожи,2026-05-17,2026-05-19,147,147,PROD_128
Китай-Трейд,2026-05-26,2026-06-04,155,155,PROD_116
ОбувьОпт,2026-05-17,2026-05-18,127,114,PROD_136
Мир Кожи,2026-05-29,2026-05-31,78,78,PROD_113
Китай-Трейд,2026-02-20,2026-02-23,117,117,PROD_128
ОбувьОпт,2026-02-27,2026-02-28,196,196,PROD_144
Мир Кожи,2026-01-30,2026-01-30,111,111,PROD_111
ОбувьОпт,2026-05-28,2026-05-28,199,199,PROD_126
Мир Кожи,2026-05-12,2026-05-13,80,80,PROD_120
Текстиль-Групп,2026-04-27,2026-04-28,136,136,PROD_139
Китай-Трейд,2026-01-27,2026-02-06,167,167,PROD_109
Мир Кожи,2026-05-18,2026-05-19,94,94,PROD_127
Текстиль-Групп,2026-02-12,2026-02-12,118,118,PROD_106
Мир Кожи,2026-02-04,2026-02-05,87,87,PROD_108
Текстиль-Групп,2026-04-27,2026-04-29,63,63,PROD_105
Китай-Трейд,2026-03-28,2026-03-31,158,158,PROD_123
Текстиль-Групп,2026-02-04,2026-02-04,117,117,PROD_145
Мир Кожи,2026-04-11,2026-04-11,115,115,PROD_101
Китай-Трейд,2026-02-25,2026-03-02,160,160,PROD_102
Текстиль-Групп,2026-05-25,2026-05-25,85,85,PROD_146
Китай-Трейд,2026-02-06,2026-02-15,187,187,PROD_127
ОбувьОпт,2026-01-09,2026-01-09,124,124,PROD_122
ОбувьОпт,2026-03-09,2026-03-10,68,68,PROD_136
ОбувьОпт,2026-02-05,2026-02-06,194,174,PROD_141
Мир Кожи,2026-01-01,2026-01-02,161,161,PROD_143
ОбувьОпт,2026-02-24,2026-02-24,196,196,PROD_126
ОбувьОпт,2026-03-10,2026-03-10,132,132,PROD_109
Мир Кожи,2026-02-22,2026-02-23,130,130,PROD_125
Текстиль-Групп,2026-04-05,2026-04-05,193,193,PROD_142
Мир Кожи,2026-04-06,2026-04-08,75,75,PROD_119
ОбувьОпт,2026-03-08,2026-03-08,77,69,PROD_140
Текстиль-Групп,2026-01-24,2026-01-25,118,118,PROD_143
Мир Кожи,2026-05-25,2026-05-26,135,135,PROD_109
ОбувьОпт,2026-04-06,2026-04-07,50,50,PROD_109
Мир Кожи,2026-04-10,2026-04-10,168,168,PROD_117
ОбувьОпт,2026-01-01,2026-01-01,158,158,PROD_143
ОбувьОпт,2026-05-01,2026-05-03,91,81,PROD_129
Текстиль-Групп,2026-02-13,2026-02-15,121,121,PROD_107
Китай-Трейд,2026-03-19,2026-03-27,183,183,PROD_115
Китай-Трейд,2026-05-19,2026-05-26,97,97,PROD_132
Китай-Трейд,2026-02-05,2026-02-14,183,183,PROD_107
Китай-Трейд,2026-02-11,2026-02-15,197,197,PROD_101
Текстиль-Групп,2026-01-04,2026-01-04,120,120,PROD_138
Мир Кожи,2026-03-26,2026-03-26,156,156,PROD_144
Мир Кожи,2026-01-02,2026-01-03,140,140,PROD_117
Текстиль-Групп,2026-05-27,2026-05-29,197,197,PROD_114
Текстиль-Групп,2026-05-30,2026-05-31,168,168,PROD_124
Текстиль-Групп,2026-03-16,2026-03-16,123,123,PROD_103
ОбувьОпт,2026-01-04,2026-01-04,111,99,PROD_140
Мир Кожи,2026-04-19,2026-04-21,111,111,PROD_101
Мир Кожи,2026-04-15,2026-04-15,127,127,PROD_106
ОбувьОпт,2026-01-01,2026-01-01,129,129,PROD_122
Текстиль-Групп,2026-03-29,2026-03-29,142,142,PROD_127
ОбувьОпт,2026-01-31,2026-01-31,119,119,PROD_122
Китай-Трейд,2026-03-24,2026-04-03,88,88,PROD_124
Текстиль-Групп,2026-02-03,2026-02-03,137,137,PROD_102
ОбувьОпт,2026-05-20,2026-05-20,101,90,PROD_145
Текстиль-Групп,2026-01-07,2026-01-07,146,146,PROD_139
Мир Кожи,2026-04-10,2026-04-10,170,170,PROD_144
ОбувьОпт,2026-02-06,2026-02-06,87,87,PROD_103
Китай-Трейд,2026-02-21,2026-03-03,122,122,PROD_111
Китай-Трейд,2026-05-03,2026-05-14,176,176,PROD_144
ОбувьОпт,2026-03-27,2026-03-27,158,158,PROD_124
ОбувьОпт,2026-01-31,2026-02-01,129,129,PROD_148
Китай-Трейд,2026-05-03,2026-05-13,87,87,PROD_114
Текстиль-Групп,2026-04-26,2026-04-26,129,129,PROD_108
Китай-Трейд,2026-05-21,2026-05-30,155,155,PROD_112
Китай-Трейд,2026-03-01,2026-03-10,148,148,PROD_106
Мир Кожи,2026-04-03,2026-04-03,136,136,PROD_137
Текстиль-Групп,2026-02-09,2026-02-09,192,192,PROD_116
ОбувьОпт,2026-02-05,2026-02-05,125,125,PROD_141
ОбувьОпт,2026-01-03,2026-01-03,134,134,PROD_109
Мир Кожи,2026-02-13,2026-02-13,84,84,PROD_113
Текстиль-Групп,2026-05-05,2026-05-05,119,119,PROD_141
Текстиль-Групп,2026-01-28,2026-01-28,63,63,PROD_111
ОбувьОпт,2026-02-20,2026-02-20,53,53,PROD_134
ОбувьОпт,2026-04-18,2026-04-20,172,154,PROD_116
Мир Кожи,2026-04-10,2026-04-12,88,88,PROD_126
ОбувьОпт,2026-05-01,2026-05-03,75,67,PROD_110
Мир Кожи,2026-04-21,2026-04-22,131,131,PROD_149
Текстиль-Групп,2026-03-15,2026-03-15,146,146,PROD_112
Китай-Трейд,2026-04-18,2026-04-29,189,189,PROD_118
ОбувьОпт,2026-02-08,2026-02-08,143,143,PROD_139
ОбувьОпт,2026-01-29,2026-01-30,85,85,PROD_111
Китай-Трейд,2026-02-14,2026-02-19,54,54,PROD_101
Текстиль-Групп,2026-01-08,2026-01-08,89,89,PROD_115
Мир Кожи,2026-03-31,2026-03-31,143,143,PROD_130
Китай-Трейд,2026-05-16,2026-05-25,110,110,PROD_123
ОбувьОпт,2026-04-15,2026-04-15,125,125,PROD_118
Китай-Трейд,2026-03-08,2026-03-17,62,62,PROD_127
Китай-Трейд,2026-04-27,2026-05-03,75,75,PROD_110
Китай-Трейд,2026-05-16,2026-05-23,60,60,PROD_129
Китай-Трейд,2026-02-28,2026-03-10,104,104,PROD_132
Текстиль-Групп,2026-05-06,2026-05-08,157,157,PROD_110
Текстиль-Групп,2026-03-01,2026-03-03,67,67,PROD_120
Мир Кожи,2026-05-25,2026-05-27,58,58,PROD_125
Китай-Трейд,2026-05-18,2026-05-26,143,143,PROD_125
Китай-Трейд,2026-02-08,2026-02-16,118,118,PROD_137
Китай-Трейд,2026-05-21,2026-05-30,52,52,PROD_128
Текстиль-Групп,2026-01-10,2026-01-10,104,104,PROD_136
Китай-Трейд,2026-04-12,2026-04-19,62,62,PROD_136
Текстиль-Групп,2026-01-10,2026-01-10,140,140,PROD_141
ОбувьОпт,2026-04-06,2026-04-08,114,114,PROD_147
Мир Кожи,2026-05-02,2026-05-03,96,96,PROD_108
Текстиль-Групп,2026-03-05,2026-03-06,89,89,PROD_118
ОбувьОпт,2026-03-26,2026-03-26,93,83,PROD_121
Текстиль-Групп,2026-01-07,2026-01-09,142,142,PROD_143
Мир Кожи,2026-05-29,2026-05-30,179,179,PROD_124
Текстиль-Групп,2026-05-02,2026-05-02,115,115,PROD_118
ОбувьОпт,2026-03-15,2026-03-15,103,103,PROD_134
ОбувьОпт,2026-01-30,2026-02-01,106,106,PROD_148
Мир Кожи,2026-02-08,2026-02-10,132,132,PROD_113
ОбувьОпт,2026-05-07,2026-05-08,91,81,PROD_127
Китай-Трейд,2026-01-17,2026-01-27,189,189,PROD_145
Текстиль-Групп,2026-01-27,2026-01-28,146,146,PROD_106
ОбувьОпт,2026-03-04,2026-03-06,170,170,PROD_132
ОбувьОпт,2026-03-05,2026-03-06,133,133,PROD_143
ОбувьОпт,2026-05-09,2026-05-09,180,180,PROD_148
Мир Кожи,2026-04-18,2026-04-19,139,139,PROD_132
Мир Кожи,2026-05-09,2026-05-09,129,129,PROD_125
ОбувьОпт,2026-04-30,2026-05-02,62,55,PROD_115
Текстиль-Групп,2026-05-03,2026-05-03,68,68,PROD_143
Китай-Трейд,2026-02-20,2026-02-25,56,56,PROD_102
Китай-Трейд,2026-03-04,2026-03-14,95,95,PROD_127
Китай-Трейд,2026-03-25,2026-04-03,58,58,PROD_126
Китай-Трейд,2026-04-07,2026-04-15,162,162,PROD_103
Мир Кожи,2026-05-08,2026-05-09,54,54,PROD_122
Текстиль-Групп,2026-04-04,2026-04-06,154,154,PROD_117
Текстиль-Групп,2026-04-09,2026-04-10,65,65,PROD_121
Мир Кожи,2026-03-14,2026-03-15,142,142,PROD_128
Китай-Трейд,2026-05-02,2026-05-06,181,181,PROD_117
ОбувьОпт,2026-03-03,2026-03-03,77,77,PROD_112
ОбувьОпт,2026-04-20,2026-04-20,109,98,PROD_121
Текстиль-Групп,2026-03-30,2026-03-30,105,105,PROD_146
Китай-Трейд,2026-01-01,2026-01-06,158,158,PROD_111
Текстиль-Групп,2026-01-26,2026-01-28,162,162,PROD_139
Китай-Трейд,2026-04-28,2026-05-07,56,56,PROD_142
ОбувьОпт,2026-03-17,2026-03-17,72,72,PROD_112
Текстиль-Групп,2026-05-16,2026-05-16,153,153,PROD_139
Текстиль-Групп,2026-01-16,2026-01-16,109,109,PROD_110
Китай-Трейд,2026-04-12,2026-04-16,151,151,PROD_113
ОбувьОпт,2026-01-20,2026-01-21,89,89,PROD_124
Мир Кожи,2026-04-03,2026-04-04,55,55,PROD_103
Текстиль-Групп,2026-01-28,2026-01-30,92,92,PROD_127
Текстиль-Групп,2026-05-12,2026-05-13,71,71,PROD_117
Китай-Трейд,2026-01-30,2026-02-09,126,126,PROD_114
Мир Кожи,2026-02-08,2026-02-09,133,133,PROD_132
Китай-Трейд,2026-03-16,2026-03-23,114,114,PROD_102
ОбувьОпт,2026-03-31,2026-03-31,194,194,PROD_101
ОбувьОпт,2026-02-15,2026-02-15,52,46,PROD_118
Китай-Трейд,2026-01-15,2026-01-18,121,121,PROD_122
Мир Кожи,2026-05-16,2026-05-18,169,169,PROD_149
Мир Кожи,2026-01-18,2026-01-20,54,54,PROD_133
ОбувьОпт,2026-04-29,2026-04-29,77,77,PROD_140
Мир Кожи,2026-01-03,2026-01-03,122,122,PROD_120
Китай-Трейд,2026-03-10,2026-03-20,56,56,PROD_128
Текстиль-Групп,2026-02-22,2026-02-23,58,58,PROD_118
ОбувьОпт,2026-01-11,2026-01-11,138,138,PROD_135
