product_id,product_name,category,revenue_rub,margin_rub,sales_qty,stock_on_hand
PROD_100,Товар PROD_100,Аксессуары,42471.88,5652.49,66,166
PROD_101,Товар PROD_101,Сумки,216961.71,46563.25,56,371
PROD_102,Товар PROD_102,Одежда,74210.84,25840.08,38,411
PROD_103,Товар PROD_103,Обувь,156385.48,22186.83,56,114
PROD_104,Товар PROD_104,Обувь,98446.89,20551.14,19,97
PROD_105,Товар PROD_105,Аксессуары,41596.4,14311.65,39,462
PROD_106,Товар PROD_106,Обувь,85151.98,29118.83,22,206
PROD_107,Товар PROD_107,Одежда,65460.59,22108.52,127,232
PROD_108,Товар PROD_108,Обувь,121015.53,33779.25,52,361
PROD_109,Товар PROD_109,Аксессуары,24161.17,9648.65,5,268
PROD_110,Товар PROD_110,Обувь,221215.25,22438.49,411,402
PROD_111,Товар PROD_111,Обувь,72376.46,26776.78,23,415
PROD_112,Товар PROD_112,Аксессуары,50946.5,16928.64,10,8
PROD_113,Товар PROD_113,Одежда,50942.02,18799.95,15,423
PROD_114,Товар PROD_114,Обувь,235562.4,57273.93,108,111
PROD_115,Товар PROD_115,Сумки,10735.69,2461.53,2,9
PROD_116,Товар PROD_116,Одежда,312020.41,55796.44,104,442
PROD_117,Товар PROD_117,Обувь,43714.31,9977.17,16,389
PROD_118,Товар PROD_118,Аксессуары,182182.26,57046.94,151,334
PROD_119,Товар PROD_119,Одежда,585758.73,194572.33,153,104
PROD_120,Товар PROD_120,Обувь,85198.17,13071.43,17,268
PROD_121,Товар PROD_121,Обувь,152079.88,27795.51,41,430
PROD_122,Товар PROD_122,Аксессуары,364012.96,135250.93,172,227
PROD_123,Товар PROD_123,Одежда,69657.96,21781.71,22,313
PROD_124,Товар PROD_124,Аксессуары,169032.27,61980.98,48,151
PROD_125,Товар PROD_125,Обувь,10495.06,3403.65,8,341
PROD_126,Товар PROD_126,Обувь,73758.42,21830.46,18,343
PROD_127,Товар PROD_127,Одежда,210152.61,26746.85,93,63
PROD_128,Товар PROD_128,Сумки,88746.86,28862.15,26,183
PROD_129,Товар PROD_129,Обувь,379566.36,48451.84,242,182
PROD_130,Товар PROD_130,Аксессуары,3477.85,744.92,1,447
PROD_131,Товар PROD_131,Сумки,23492.13,4453.86,11,36
PROD_132,Товар PROD_132,Обувь,4988.96,1882.57,8,421
PROD_133,Товар PROD_133,Аксессуары,115323.56,12020.71,209,56
PROD_134,Товар PROD_134,Аксессуары,117781.79,33498.4,25,105
PROD_135,Товар PROD_135,Одежда,43317.9,6452.57,13,365
PROD_136,Товар PROD_136,Аксессуары,13212.58,4936.23,2,91
PROD_137,Товар PROD_137,Аксессуары,201592.42,55119.65,93,117
PROD_138,Товар PROD_138,Обувь,111398.83,17298.52,40,426
PROD_139,Товар PROD_139,Сумки,2688.46,276.39,1,439
PROD_140,Товар PROD_140,Аксессуары,24081.22,3154.81,5,304
PROD_141,Товар PROD_141,Обувь,84192.82,24934.18,36,285
PROD_142,Товар PROD_142,Одежда,128258.12,25526.95,103,129
PROD_143,Товар PROD_143,Аксессуары,16942.38,4936.07,22,315
PROD_144,Товар PROD_144,Одежда,149946.48,23937.71,73,117
PROD_145,Товар PROD_145,Одежда,60399.27,23227.75,24,179
PROD_146,Товар PROD_146,Сумки,87248.29,25310.9,33,423
PROD_147,Товар PROD_147,Аксессуары,208992.1,31929.85,42,499
PROD_148,Товар PROD_148,Одежда,35809.72,5364.81,13,268
PROD_149,Товар PROD_149,Сумки,115933.18,14316.81,53,266
